strategy,sharpe,max_drawdown
Moving Average,0.5706995601088998,-0.511005402066923
Momentum,0.21486747209283524,-0.985497412028553
Mean Reversion,0.3765662615339846,-0.5331377158427146
